,Hardness (Mohs),allelectrons_Total,density_Total,allelectrons_Average,val_e_Average,atomicweight_Average,ionenergy_Average,el_neg_chi_Average,R_vdw_element_Average,R_cov_element_Average,zaratio_Average,density_Average
count,52.0,52.0,52.0,52.0,52.0,52.0,52.0,52.0,52.0,52.0,52.0,52.0
mean,5.448461538461539,241.09055769230775,26.747886923076926,15.25312084547554,4.379544989916783,33.90815953206232,10.660906871421085,2.5744340501683074,1.6693481409987014,0.8913535588729278,0.4727561298322771,1.734518181027851
std,1.5234331515098243,293.4701564152123,33.71028336225127,8.419358873191328,1.117464321208441,20.672876408938677,2.3535489830467258,0.5770029858896857,0.35768195895233906,0.23193126407553646,0.11190118204781398,1.11188666533195
min,2.5,0.0,0.0,0.0,0.0,0.0,0.0,0.0,0.0,0.0,0.0,0.0
25%,4.5,100.5,9.539996,10.458333333333334,4.359758455409573,22.712041744791666,10.610778333333334,2.5700000000000003,1.6881926406926406,0.8265397102897103,0.4764795670371246,1.0177521964285714
50%,5.5,192.6,21.887656,13.773809523809526,4.571428571428571,29.295879201786853,11.054357345971564,2.6777488151658764,1.7330448717948719,0.9225000000000001,0.4826414543269231,1.3673472121723678
75%,6.5,256.3325,27.983236,17.667845523854137,4.8,39.02334713361283,11.288882045454546,2.77625,1.7939627806807903,0.9869230769230768,0.4877436138613862,2.17061725
max,9.0,2024.2,236.459656,48.17229890528321,6.0,114.95185267206097,15.24581,3.443,2.2098476915754404,1.6158400761542124,0.82599,5.627312137077583
