feature,gain
R_cov_element_Average,1193.7817676961422
density_Average,989.5678706541657
zaratio_Average,924.7226316183805
val_e_Average,794.1562950387597
allelectrons_Average,774.2671027630568
R_vdw_element_Average,518.5535163879395
atomicweight_Average,402.0173028409481
density_Total,400.2783715724945
allelectrons_Total,378.128590144217
ionenergy_Average,375.91274133324623
el_neg_chi_Average,354.00685055553913
